{"cameraMode":{"drawMode":0,"name":"Shaded","section":"Shading Mode"},"sceneLighting":true,"audioPlay":false,"sceneViewState":{"showFog":true,"showMaterialUpdate":false,"showSkybox":true,"showFlares":true,"showImageEffects":true,"showParticleSystems":true},"in2DMode":false,"pivot":{"x":30.440614700317384,"y":-18.918527603149415,"z":40.9995231628418},"rotation":{"x":0.16184276342391969,"y":0.23438061773777009,"z":-0.039606016129255298,"w":0.9577639102935791},"size":33.348941802978519,"orthographic":false}