{"cameraMode":{"drawMode":0,"name":"Shaded","section":"Shading Mode"},"sceneLighting":false,"audioPlay":false,"sceneViewState":{"showFog":true,"showMaterialUpdate":false,"showSkybox":false,"showFlares":true,"showImageEffects":true,"showParticleSystems":true},"in2DMode":false,"pivot":{"x":0.17033720016479493,"y":1.0839391946792603,"z":0.09794372320175171},"rotation":{"x":0.08996287733316422,"y":0.9060478210449219,"z":-0.2443276047706604,"w":0.3336068093776703},"size":0.7832229733467102,"orthographic":false}